{"cameraMode":{"drawMode":0,"name":"Shaded","section":"Shading Mode"},"sceneLighting":true,"audioPlay":false,"sceneViewState":{"showFog":true,"showMaterialUpdate":true,"showSkybox":true,"showFlares":true,"showImageEffects":true,"showParticleSystems":true},"in2DMode":false,"pivot":{"x":7.633273601531982,"y":77.05110931396485,"z":-40.47285842895508},"rotation":{"x":0.2288556545972824,"y":-0.6587832570075989,"z":0.22097375988960267,"w":0.6818989515304565},"size":0.4764188826084137,"orthographic":false}